{"cameraMode":{"drawMode":0,"name":"Shaded","section":"Shading Mode"},"sceneLighting":true,"audioPlay":false,"sceneViewState":{"m_AlwaysRefresh":false,"showFog":true,"showSkybox":true,"showFlares":true,"showImageEffects":true,"showParticleSystems":true,"showVisualEffectGraphs":true,"m_FxEnabled":true},"in2DMode":false,"pivot":{"x":4.679196357727051,"y":-20.079872131347658,"z":17.909231185913087},"rotation":{"x":0.5284612774848938,"y":-0.006372001953423023,"z":0.003963228315114975,"w":0.8489157557487488},"size":18.85605239868164,"orthographic":false}